{
  "version": 1,
  "author": "Anonymous maker",
  "editor": "wokwi",
  "parts": [
    { "type": "wokwi-breadboard-half", "id": "bb1", "top": 208.2, "left": -141.2, "attrs": {} },
    { "type": "wokwi-arduino-uno", "id": "uno", "top": -18.6, "left": -135, "attrs": {} },
    {
      "type": "wokwi-led",
      "id": "led1",
      "top": 226.8,
      "left": -63.4,
      "attrs": { "color": "red" }
    },
    {
      "type": "wokwi-resistor",
      "id": "r1",
      "top": 273.05,
      "left": -39.8,
      "rotate": 180,
      "attrs": { "value": "220" }
    }
  ],
  "connections": [
    [ "r1:1", "bb1:15t.c", "", [ "$bb" ] ],
    [ "r1:2", "bb1:9t.c", "", [ "$bb" ] ],
    [ "led1:A", "bb1:9t.b", "", [ "$bb" ] ],
    [ "led1:C", "bb1:8t.b", "", [ "$bb" ] ],
    [ "uno:GND.3", "bb1:8t.c", "black", [ "v0" ] ],
    [ "uno:13", "bb1:15t.b", "green", [ "v0" ] ]
  ],
  "dependencies": {}
}