{
  "version": 1,
  "author": "Anonymous maker",
  "editor": "wokwi",
  "parts": [
    {
      "type": "wokwi-breadboard",
      "id": "bb1",
      "top": -3.4,
      "left": -119.2,
      "rotate": 180,
      "attrs": {}
    },
    { "type": "wokwi-arduino-uno", "id": "uno", "top": 0.2, "left": -180.2, "attrs": {} },
    { "type": "wokwi-potentiometer", "id": "pot1", "top": 65.9, "left": 335.8, "attrs": {} },
    {
      "type": "wokwi-pushbutton",
      "id": "btn1",
      "top": 76.7,
      "left": 425.9,
      "rotate": 90,
      "attrs": { "color": "green" }
    },
    { "type": "wokwi-led", "id": "led1", "top": 6, "left": 128.6, "attrs": { "color": "red" } },
    { "type": "wokwi-led", "id": "led2", "top": 6, "left": 263, "attrs": { "color": "red" } },
    { "type": "wokwi-led", "id": "led3", "top": 6, "left": 243.8, "attrs": { "color": "red" } },
    { "type": "wokwi-led", "id": "led4", "top": 6, "left": 224.6, "attrs": { "color": "red" } },
    { "type": "wokwi-led", "id": "led5", "top": 6, "left": 205.4, "attrs": { "color": "red" } },
    { "type": "wokwi-led", "id": "led6", "top": 6, "left": 186.2, "attrs": { "color": "red" } },
    { "type": "wokwi-led", "id": "led7", "top": 6, "left": 167, "attrs": { "color": "red" } },
    { "type": "wokwi-led", "id": "led8", "top": 6, "left": 147.8, "attrs": { "color": "red" } },
    { "type": "wokwi-led", "id": "led9", "top": 6, "left": 109.4, "attrs": { "color": "red" } },
    { "type": "wokwi-led", "id": "led10", "top": 6, "left": 282.2, "attrs": { "color": "red" } },
    {
      "type": "wokwi-resistor",
      "id": "r1",
      "top": 110.4,
      "left": 143.45,
      "rotate": 90,
      "attrs": { "value": "220" }
    },
    {
      "type": "wokwi-resistor",
      "id": "r4",
      "top": 110.4,
      "left": 220.25,
      "rotate": 90,
      "attrs": { "value": "220" }
    },
    {
      "type": "wokwi-resistor",
      "id": "r5",
      "top": 110.4,
      "left": 277.85,
      "rotate": 90,
      "attrs": { "value": "220" }
    },
    {
      "type": "wokwi-resistor",
      "id": "r6",
      "top": 110.4,
      "left": 239.45,
      "rotate": 90,
      "attrs": { "value": "220" }
    },
    {
      "type": "wokwi-resistor",
      "id": "r7",
      "top": 110.4,
      "left": 258.65,
      "rotate": 90,
      "attrs": { "value": "220" }
    },
    {
      "type": "wokwi-resistor",
      "id": "r8",
      "top": 110.4,
      "left": 201.05,
      "rotate": 90,
      "attrs": { "value": "220" }
    },
    {
      "type": "wokwi-resistor",
      "id": "r9",
      "top": 110.4,
      "left": 105.05,
      "rotate": 90,
      "attrs": { "value": "220" }
    },
    {
      "type": "wokwi-resistor",
      "id": "r10",
      "top": 110.4,
      "left": 181.85,
      "rotate": 90,
      "attrs": { "value": "220" }
    },
    {
      "type": "wokwi-resistor",
      "id": "r11",
      "top": 110.4,
      "left": 124.25,
      "rotate": 90,
      "attrs": { "value": "220" }
    },
    {
      "type": "wokwi-resistor",
      "id": "r12",
      "top": 110.4,
      "left": 162.65,
      "rotate": 90,
      "attrs": { "value": "220" }
    }
  ],
  "connections": [
    [ "uno:RESET", "bb1:7t.b", "#8f4814", [ "v105.9", "h481.3", "v-153.6" ] ],
    [ "uno:A0", "bb1:15t.a", "orange", [ "v38.7", "h346.6", "v-76.8" ] ],
    [ "bb1:40t.a", "uno:0", "cyan", [ "h-19.2", "v-211.2", "h-28.8", "v66.8" ] ],
    [ "bb1:38t.a", "uno:1", "white", [ "v-220.8", "h-87.8" ] ],
    [ "bb1:36t.a", "uno:2", "orange", [ "v-230.4", "h-116.5" ] ],
    [ "bb1:34t.a", "uno:3", "green", [ "v-240", "h-145.2" ] ],
    [ "bb1:32t.a", "uno:4", "red", [ "v-249.6", "h-173.9" ] ],
    [ "bb1:30t.a", "uno:5", "purple", [ "v-259.2", "h-202.6" ] ],
    [ "bb1:28t.a", "uno:6", "magenta", [ "v-268.8", "h-231.3" ] ],
    [ "bb1:26t.a", "uno:7", "gold", [ "v-316.8", "h-260" ] ],
    [ "bb1:24t.a", "uno:8", "gray", [ "v-326.4", "h-295.2" ] ],
    [ "bb1:22t.a", "uno:9", "#8f4814", [ "v-336", "h-324.4" ] ],
    [ "bb1:41b.f", "bb1:tp.33", "blue", [ "v0" ] ],
    [ "bb1:39b.f", "bb1:tp.31", "blue", [ "v0" ] ],
    [ "bb1:37b.f", "bb1:tp.30", "blue", [ "v0" ] ],
    [ "bb1:35b.f", "bb1:tp.28", "blue", [ "v0" ] ],
    [ "bb1:33b.f", "bb1:tp.26", "blue", [ "v0" ] ],
    [ "bb1:31b.f", "bb1:tp.25", "blue", [ "v0" ] ],
    [ "bb1:29b.f", "bb1:tp.23", "blue", [ "v0" ] ],
    [ "bb1:27b.f", "bb1:tp.21", "blue", [ "v0" ] ],
    [ "bb1:25b.f", "bb1:tp.20", "blue", [ "v0" ] ],
    [ "bb1:23b.f", "bb1:tp.18", "blue", [ "v0" ] ],
    [ "uno:GND.3", "bb1:tp.1", "black", [ "v86.7", "h490" ] ],
    [ "bb1:5t.a", "bb1:tp.4", "black", [ "v0" ] ],
    [ "uno:7", "bb1:bn.43", "", [ "$bb" ] ],
    [ "uno:6", "bb1:bn.42", "", [ "$bb" ] ],
    [ "uno:5", "bb1:bn.41", "", [ "$bb" ] ],
    [ "uno:3", "bb1:bn.40", "", [ "$bb" ] ],
    [ "uno:2", "bb1:bn.39", "", [ "$bb" ] ],
    [ "uno:1", "bb1:bn.38", "", [ "$bb" ] ],
    [ "uno:0", "bb1:bn.37", "", [ "$bb" ] ],
    [ "uno:IOREF", "bb1:tp.48", "", [ "$bb" ] ],
    [ "uno:RESET", "bb1:tp.47", "", [ "$bb" ] ],
    [ "uno:3.3V", "bb1:tp.46", "", [ "$bb" ] ],
    [ "uno:GND.2", "bb1:tp.45", "", [ "$bb" ] ],
    [ "uno:GND.3", "bb1:tp.44", "", [ "$bb" ] ],
    [ "uno:VIN", "bb1:tp.43", "", [ "$bb" ] ],
    [ "uno:A0", "bb1:tp.41", "", [ "$bb" ] ],
    [ "uno:A2", "bb1:tp.40", "", [ "$bb" ] ],
    [ "uno:A3", "bb1:tp.39", "", [ "$bb" ] ],
    [ "uno:A4", "bb1:tp.38", "", [ "$bb" ] ],
    [ "uno:A5", "bb1:tp.37", "", [ "$bb" ] ],
    [ "led3:A", "bb1:26b.j", "", [ "$bb" ] ],
    [ "led3:C", "bb1:27b.j", "", [ "$bb" ] ],
    [ "led2:A", "bb1:24b.j", "", [ "$bb" ] ],
    [ "led2:C", "bb1:25b.j", "", [ "$bb" ] ],
    [ "led10:A", "bb1:22b.j", "", [ "$bb" ] ],
    [ "led10:C", "bb1:23b.j", "", [ "$bb" ] ],
    [ "led1:A", "bb1:38b.j", "", [ "$bb" ] ],
    [ "led1:C", "bb1:39b.j", "", [ "$bb" ] ],
    [ "r9:1", "bb1:40b.f", "", [ "$bb" ] ],
    [ "r9:2", "bb1:40t.b", "", [ "$bb" ] ],
    [ "r1:1", "bb1:36b.f", "", [ "$bb" ] ],
    [ "r1:2", "bb1:36t.b", "", [ "$bb" ] ],
    [ "r12:1", "bb1:34b.f", "", [ "$bb" ] ],
    [ "r12:2", "bb1:34t.b", "", [ "$bb" ] ],
    [ "r10:1", "bb1:32b.f", "", [ "$bb" ] ],
    [ "r10:2", "bb1:32t.b", "", [ "$bb" ] ],
    [ "r8:1", "bb1:30b.f", "", [ "$bb" ] ],
    [ "r8:2", "bb1:30t.b", "", [ "$bb" ] ],
    [ "r4:1", "bb1:28b.f", "", [ "$bb" ] ],
    [ "r4:2", "bb1:28t.b", "", [ "$bb" ] ],
    [ "r11:1", "bb1:38b.f", "", [ "$bb" ] ],
    [ "r11:2", "bb1:38t.b", "", [ "$bb" ] ],
    [ "led8:A", "bb1:36b.j", "", [ "$bb" ] ],
    [ "led8:C", "bb1:37b.j", "", [ "$bb" ] ],
    [ "led7:A", "bb1:34b.j", "", [ "$bb" ] ],
    [ "led7:C", "bb1:35b.j", "", [ "$bb" ] ],
    [ "led6:A", "bb1:32b.j", "", [ "$bb" ] ],
    [ "led6:C", "bb1:33b.j", "", [ "$bb" ] ],
    [ "led5:A", "bb1:30b.j", "", [ "$bb" ] ],
    [ "led5:C", "bb1:31b.j", "", [ "$bb" ] ],
    [ "led4:A", "bb1:28b.j", "", [ "$bb" ] ],
    [ "led4:C", "bb1:29b.j", "", [ "$bb" ] ],
    [ "r5:1", "bb1:22b.f", "", [ "$bb" ] ],
    [ "r5:2", "bb1:22t.b", "", [ "$bb" ] ],
    [ "r7:1", "bb1:24b.f", "", [ "$bb" ] ],
    [ "r7:2", "bb1:24t.b", "", [ "$bb" ] ],
    [ "r6:1", "bb1:26b.f", "", [ "$bb" ] ],
    [ "r6:2", "bb1:26t.b", "", [ "$bb" ] ],
    [ "btn1:1.l", "bb1:5b.h", "", [ "$bb" ] ],
    [ "btn1:2.l", "bb1:7b.h", "", [ "$bb" ] ],
    [ "btn1:1.r", "bb1:5t.c", "", [ "$bb" ] ],
    [ "btn1:2.r", "bb1:7t.c", "", [ "$bb" ] ],
    [ "bb1:tp.10", "bb1:16t.a", "black", [ "v-19.5", "h-28" ] ],
    [ "bb1:14t.a", "uno:5V", "red", [ "v96", "h-404.2" ] ],
    [ "led9:A", "bb1:40b.j", "", [ "$bb" ] ],
    [ "led9:C", "bb1:41b.j", "", [ "$bb" ] ],
    [ "pot1:GND", "bb1:16t.c", "", [ "$bb" ] ],
    [ "pot1:SIG", "bb1:15t.c", "", [ "$bb" ] ],
    [ "pot1:VCC", "bb1:14t.c", "", [ "$bb" ] ]
  ],
  "dependencies": {}
}